1,Pedro,Pablo,12345367,ppablo@gmail.com,Guatemala,123
2,Jorge,Estuardo,12345674123,jjestuardo@gmail,com,Guatemala
3,Marco,Valdez,12345678,mvaldez@gmail.com,1234 Reforma,1234
221111, Josue,Carbonell Lopez,51223311,josue.carbonell@example.com, Zona 1,113212q
221112, Maria,Molina Morales,52223322,maria.molina@example.com, Zona 8,qw*1a1
221113, Aaron,Castro Perez R.,24723333,aaron.castro@example.com, Zona 7,d5821*2
221114, Eddyn,Gonzalez Perez,44223344,eddyn.gonzalez@example.com, Zona 11,15**123*
221115, Carlos,Cifuentes L.,55223355,carlos.cifuentes@example.com, Zona 12,aqg*2134
221116, Angelin,Godinez Tiul,66223366,angelin.godinez@example.com, Zona 9,1*212zf
221117, Santiago,Lopes Castro,57223377,santiago.lopes@example.com, Zona 10,aszxc12
221118, Beatriz,Melendez Mena,88223388,beatriz.melendez@example.com, Zona 10,asaf
221119, Jonathan,Ramirez Raux,59223399,jonathan.ramirez@example.com, Zona 7,asd15*
221120, Duglas,Rodriguez M.,51335520,duglas.rodriguez@example.com, Zona 9,*qqf8
